code_soc_appart;num_ctr_indiv;dateradassure;num_personne;nom_long;prenom;type_assure;date_naissance;valeur_coordonnee;idkpep;mailciam
010;0000068645;;1977586;ABI YAALA;Mohamed;ASSPRI;1962-10-28;abiyaalm@ac-normandie.fr;KPEP00000325852438;abiyaalm@ac-normandie.fr
010;0000068585;;1977377;AGOLI-AGBO;GHISLAINE;ASSPRI;1958-05-15;henedine2000@yahoo.fr;KPEP00000014440408;henedine2000@yahoo.fr
010;0000068563;;1977268;AIECH;JULIE;ASSPRI;1998-02-11;julie.aiech91@gmail.com;KPEP00001035567731;julieaiech.contact@gmail.com
010;0000068677;;1977672;ARIBAUT;MICHEL;ASSPRI;1961-10-15;lesbonbons_m@yahoo.fr;KPEP00000497655416;lesbonbons_m@yahoo.fr
010;0000068595;;1977438;ARZILLI;PASCALE;ASSPRI;1966-02-05;ipokada@free.fr;KPEP00000115490026;pascale.arzilli@gmail.com
010;0000068582;;1977361;AURENTI;CORINNE;ASSPRI;1960-07-10;corinne.aurenti@gmail.com;KPEP00000357642238;corinne.aurenti@gmail.com
010;0000068610;;1977493;AVENEL;SAMUEL;ASSPRI;1964-04-24;SAMUEL.AVENEL@ORANGE.FR;KPEP00001037152402;samuel.avenel@orange.fr
010;0000068564;;1977279;BALLARA;GINA;ASSPRI;1961-09-01;gballara@laposte.net;KPEP00000470314224;gballara@laposte.net
010;0000068546;;1977212;Barbaray;Theo;ASSPRI;2001-10-15;THEO.M.B76@GMAIL.COM;KPEP00001037106404;theo.m.b76@gmail.com
010;0000068552;;1977245;BARBEAU;VALERIE;ASSPRI;1962-10-13;barbeauva@gmail.com;KPEP00000061112020;barbeauva@gmail.com
010;0000068549;;1977248;BARBIER;PEGGY;ASSPRI;1964-04-26;michel.barbier57@wanadoo.fr;KPEP00000492096939;michel.barbier57@wanadoo.fr
010;0000068544;;1977209;Batirbek;Doriane;ASSPRI;1999-01-01;DORIANE.BATIRBEK@GMAIL.COM;KPEP00001035973818;doriane.batirbek@gmail.com
010;0000068663;;1977625;BEAUFOUR;Murielle;ASSPRI;1962-06-25;murielle.beaufour@gmail.com;KPEP00000201114214;murielle.beaufour@gmail.com
010;0000068679;;1977699;BEAUGRAND;CORINNE;ASSPRI;1963-01-15;cocolaure@libertysurf.fr;KPEP00000405489606;cocolaure@libertysurf.fr
010;0000068568;;1977286;BECQUET;GILLES;ASSPRI;1962-05-04;gbecquet@sfr.fr;KPEP00000538509220;gbecquet@sfr.fr
010;0000068608;;1977491;BELIARD;JANINE;ASSPRI;1963-01-18;jan.beliard@orange.fr;KPEP00000551266135;jan.beliard@orange.fr
010;0000068538;;1977200;BENOIT;ANNIE;ASSPRI;1961-06-15;ann.ben@outlook.fr;KPEP00000134960519;ann.ben@outlook.fr
010;0000068583;;1977366;BENSOUSSAN;David;ASSPRI;1960-09-18;bensoussan.david@wanadoo.fr;KPEP00000181317333;bensoussan.david@wanadoo.fr
010;0000068637;;1977571;BERNARD;LUCIE;ASSPRI;1995-10-05;lucie.bernard@bpi.fr;KPEP00001035109123;lucie.bernard@bpi.fr
010;0000068578;;1977351;BERRY;SABINE;ASSPRI;1958-04-04;sabine.berry@orange.fr;KPEP00000478578208;sabine.berry@orange.fr
010;0000068605;;1977487;BERTHELOT;NATHALIE;ASSPRI;1968-12-29;thalie.wallet@gmail.com;KPEP00000546572614;j.lou3@wanadoo.fr
010;0000068646;;1977587;BIDET;Jocelyne;ASSPRI;1962-11-06;jocelyne.b@hotmail.fr;KPEP00000769371125;jocelyne.b@hotmail.fr
010;0000068545;;1917788;BILLARD;ANNE-ESTELLE;ASSPRI;1974-02-08;ae.billard@yahoo.fr;KPEP00001026096731;ae.billard@yahoo.fr
010;0000068623;;1977529;BLAIN;Jean;ASSPRI;1961-08-02;alfred.blain@gmail.com;KPEP00000287348715;alfred.blain@gmail.com
010;0000068661;;1977618;BLAUDEAU;PHILIPPE;ASSPRI;1969-02-22;philippe.blaudeau@univ-angers.fr;KPEP00000086473901;philippe.blaudeau@univ-angers.fr
010;0000068660;;1977617;BOITEAU;LYDIA;ASSPRI;1964-09-08;boiteau-lydia@bbox.fr;KPEP00000045497026;boiteau-lydia@bbox.fr
010;0000068587;;1977383;BONHOMME;ELIANE;ASSPRI;1963-08-09;elianebonhomme@live.fr;KPEP00000844134618;elianebonhomme@live.fr
010;0000068571;;1977345;BONNY;M-Helene;ASSPRI;1961-11-06;marie.helene.bonny@gmail.com;KPEP00000039420131;marie.helene.bonny@gmail.com
010;0000068534;;1977175;BOUCHARD;CAMILLE;ASSPRI;2001-07-11;bouchardcamillou81@gmail.com;KPEP00000301309616;bouchardcamillou81@gmail.com
044;0000068614;;1977502;BOULARD;SOPHIE;MPRETR;1962-12-23;sophieboulard@orange.fr;KPEP00000133298834;sophieboulard@orange.fr
010;0000068670;;1977642;BOUTROUX;MAXIME;ASSPRI;2000-11-06;MAXIME.BOUTROUX90@GMAIL.COM;KPEP00000301554327;nan
010;0000068576;;1977350;CARREZ MARTIN;LAURENCE;ASSPRI;1962-09-18;laurence.carrez-martin@ac-rouen.fr;KPEP00000276205610;nan
010;0000068600;;1977475;CASSAGNEAU;ISABELLE;ASSPRI;1962-04-11;i.cassagneau@yahoo.fr;KPEP00000312774404;i.cassagneau@yahoo.fr
010;0000068640;;1977579;CHABIN;MARTINE;ASSPRI;1960-09-27;m.chabin@free.fr;KPEP00000126717434;m.chabin@free.fr
010;0000068531;;1977170;CHAFFAUT;PASCALE;ASSPRI;1960-12-19;pascalechaffaut@gmail.com;KPEP00000107138709;pascalechaffaut@gmail.com
010;0000068682;;1977738;CHAPON;CAMILLE;ASSPRI;2003-09-30;camille.chapon44@outlook.fr;KPEP00001035560139;camille.chapon44@outlook.fr
010;0000068626;;1977533;CHONG HONG FONG;PATRICK;ASSPRI;1960-04-07;RENE.CHONG974@GMAIL.COM;KPEP00000659183721;rene.chong974@gmail.com
010;0000068532;;1977173;CLEMENT;MARCEL;ASSPRI;1927-08-05;ALAIN.CLEMENT04@GMAIL.COM;KPEP00001041666333;alain.clement04@gmail.com
010;0000068633;;1977552;Clerici;Emilie;ASSPRI;1981-05-14;CFEMILIENELSON@GMAIL.COM;KPEP00001039568210;cfemilienelson@gmail.com
010;0000068667;;1977637;COLAS;ELISABETH;ASSPRI;1955-03-11;nan;KPEP00000396888208;nan
010;0000068592;;1977393;COMPARELLI;MONICA;ASSPRI;1997-12-10;monica.comparelli@bpi.fr;KPEP00001035110234;monica.comparelli@bpi.fr
010;0000068561;;1977266;CONSTANT;ANNE;ASSPRI;1964-06-20;co.anne2022@gmail.com;KPEP00000461396816;co.anne2022@gmail.com
010;0000068671;;1977643;CONTARD;PATRICK;ASSPRI;1958-10-22;chorizo9@hotmail.fr;KPEP00000136234634;chorizo9@hotmail.fr
010;0000068569;;1977300;CONTRI;DANIEL;ASSPRI;1959-02-16;dcontri71@gmail.com;KPEP00000403363539;dcontri71@gmail.com
010;0000068650;;1977601;DACHE DELAUNE;CHRISTINE;ASSPRI;1962-05-24;christine.delaune@orange.fr;KPEP00000425001131;christine.delaune@orange.fr
010;0000068591;;1977400;DARDENNE;AGNES;ASSPRI;1962-11-21;agnes.dardenne@wanadoo.fr;KPEP00000368500913;agnes.dardenne@wanadoo.fr
010;0000068570;2025-10-01;1977339;DAUCHEZ;CHRISTINE;ASSPRI;1962-03-31;dauchrist@yahoo.fr;KPEP00000462336101;dauchrist@yahoo.fr
010;0000068681;;1977737;DEBELLEIX;CECILE;ASSPRI;1999-05-31;cecile.debelleix31@gmail.com;KPEP00001035563632;cecile.debelleix31@gmail.com
010;0000068641;;1977574;DEMOULIN LESME;CHLOÉ;ASSPRI;1987-07-14;demoulinchloe9@gmail.com;KPEP00001034830509;demoulinchloe9@gmail.com
010;0000068560;;1977259;DESPAGNE;CLAIRE;ASSPRI;1997-09-07;despagne.claire@gmail.com;KPEP00001035567630;despagne.claire@gmail.com
010;0000068548;;1838138;DOMENECH JAULNEAU;CYNTHIA;ASSPRI;1978-02-13;cynthia.domenech-jaulneau@culture.gouv.fr;KPEP00000135530608;cynthia.domenech-jaulneau@culture.gouv.fr
010;0000068639;;1977573;DOUZOU;THIERRY;ASSPRI;1962-11-09;thierrydouzou@wanadoo.fr;KPEP00000356845206;thierrydouzou@wanadoo.fr
044;0000068638;;1977572;DOVE;MARIE FERNANDE;MPRETR;1959-08-22;mariedove@hotmail.com;KPEP00001041669018;mariedove@hotmail.com
010;0000068555;;1977267;DUCOTTET;PASCALE;ASSPRI;1967-09-01;pc.ducottet@free.fr;KPEP00000090027101;pc.ducottet@free.fr
010;0000068579;;1977356;DUCOURT;EMMANUELLE;ASSPRI;1989-09-03;EMMANUELLE.DUCOURT@HOTMAIL.COM;KPEP00001037134937;emmanuelle.ducourt@hotmail.com
010;0000068540;;1977202;DUPRIEZ;PIERRE;ASSPRI;1962-11-09;pahmdupriez@gmail.com;KPEP00000421475412;pahmdupriez@gmail.com
010;0000068575;;1977349;DURAND;MONIQUE;ASSPRI;1951-06-06;moniqueal2@orange.fr;KPEP00000510791703;moniqueal@wanadoo.fr
010;0000068658;;1977615;EL ATMANI;CORINNE;ASSPRI;1962-01-06;corinne.elatmani@gmail.com;KPEP00000216320537;corinne.elatmani@gmail.com
010;0000068652;;1977604;FARGUES;VALERIE;ASSPRI;1960-12-19;valerie.fargues@aliceadsl.fr;KPEP00000155504941;valfargues@hotmail.com
010;0000068636;;1977570;FELIX;ODILE;ASSPRI;1961-11-12;odilerouxel@yahoo.fr;KPEP00000662708329;odilerouxel@yahoo.fr
010;0000068635;;1977569;FEUARDANT;MARIE-PAUL;ASSPRI;1960-02-06;feuardantmariepaule@gmail.com;KPEP00000848300614;feuardantmariepaule@gmail.com
010;0000068547;;1977223;FEYDEL;CLAUDINE;ASSPRI;1966-11-21;dinefey@yahoo.fr;KPEP00000153823830;dinefey@yahoo.fr
010;0000068572;;1977346;FOUGERAY;BERTRAND;ASSPRI;1964-12-31;bertrand.fougeray@orange.fr;KPEP00000534656103;bertrand.fougeray@ac-rennes.fr
010;0000068574;;1977347;FRANZI;SUZANNE;ASSPRI;1962-06-04;franzimarc4@gmail.com;KPEP00000570446020;franzi.marc@neuf.fr
010;0000068619;;1977521;GARBAGE;PATRICK;ASSPRI;1959-12-22;pgarbage@gmail.com;KPEP00000265276200;pgarbage@gmail.com
010;0000068597;;1977449;GASQUEZ;JEAN MARC;ASSPRI;1961-10-15;jeanmarcgasquez@gmail.com;KPEP00000505973436;jeanmarcgasquez@gmail.com
010;0000068562;;1977274;GERARD;DOMINIQUE;ASSPRI;1962-11-18;domg1811@laposte.net;KPEP00000542894828;domg1811@laposte.net
010;0000068656;;1977612;GIBET;FRANCE;ASSPRI;1959-01-18;france.gibet@orange.fr;KPEP00000367943424;france.gibet@orange.fr
010;0000068612;;1977499;GIOT;CATHERINE;ASSPRI;1962-12-07;catherine.giot@laposte.net;KPEP00000405858701;catherine.giot@laposte.net
010;0000068566;;1977285;GODFROY-GAUTHIER;GAUTHIER;ASSPRI;1961-02-22;nan;KPEP00001041666939;nan
010;0000068653;;1977610;GOUTAGNY;Pascale;ASSPRI;1962-04-05;pascale.goutagny@gmail.com;KPEP00000220912408;pascale.goutagny@gmail.com
010;0000068624;;1977530;GUERN;EVELYNE;ASSPRI;1962-06-15;evelyne.guern@orange.fr;KPEP00000386102507;evelyne.guern@orange.fr
010;0000068615;;1977515;HUTIN;MALIKA;ASSPRI;1964-01-05;malika.hutindjouri@gmail.com;KPEP00000321680020;malika.hutindjouri@gmail.com
010;0000068542;;1832010;JOANNELLE;HELENE;ASSPRI;1961-01-14;helene.joannelle@gmail.com;KPEP00000468381315;helene.joannelle@gmail.com
010;0000068676;;1977673;JURY;PASCAL;ASSPRI;1963-06-29;pascal.jury@hotmail.fr;KPEP00000688240937;pascal.jury@hotmail.fr
010;0000068672;;1977650;KEITA;Mohamed;ASSPRI;1995-12-20;MOUSSAKEITA75@YAHOO.FR;KPEP00001039592038;moussakeita75@yahoo.fr
010;0000068632;;1977555;KOLODZIEJ;MARYSE;ASSPRI;1962-05-09;kolodziej.maryse@orange.fr;KPEP00000201305436;kolodziej.maryse@orange.fr
010;0000068577;;1977353;KOVACS;Andrew;ASSPRI;1969-02-06;andrewgkovacs@yahoo.fr;KPEP00000536532636;andrewgkovacs@yahoo.fr
044;0000068596;;1977439;LACOSTE;PHILIPPE;MPRETR;1958-09-23;lacoste.phil@orange.fr;KPEP00001041667040;lacoste.phil@orange.fr
010;0000068588;;1977399;LE MOAN;MARTINE;ASSPRI;1962-12-14;mbrehe@sfr.fr;KPEP00000766110107;mbrehe@sfr.fr
010;0000068675;;1977671;LEBRAN;LAURIE;ASSPRI;1998-12-31;LEBRANLAURIE@GMAIL.COM;KPEP00000291455305;lebranlaurie@gmail.com
010;0000068625;;1977532;LEGROS;DOMINIQUE;ASSPRI;1964-01-27;legrosdominique@wanadoo.fr;KPEP00000037895733;legrosdominique@wanadoo.fr
010;0000068647;;1977585;LEPORTIER;QUENTIN;ASSPRI;1993-08-05;QUENTIN.LEPORTIER56@GMAIL.COM;KPEP00000367512541;quentin.leportier56@gmail.com
010;0000068541;;1977204;LETEUIL;JEAN;ASSPRI;1997-09-12;JEAN.LETEUILWAEZ@OUTLOOK.FR;KPEP00000582278026;jean.leteuilwaez@outlook.fr
010;0000068556;;1977253;LEVANT;ANNE;ASSPRI;1963-06-25;nan;KPEP00000450044115;anne.levant2@orange.fr
052;0000068601;;722492;LIMONET;VALERIE;ASSPRI;1965-01-27;limonet.valerie@orange.fr;KPEP00001010670636;limonet.valerie@orange.fr
010;0000068586;;1977382;LORAND;SOISIQUE;ASSPRI;1962-11-02;soisique.lorand@orange.fr;KPEP00000046969105;nan
010;0000068627;;1977534;LOURY;M VIOLAINE;ASSPRI;1966-08-12;marie-violaine.loury@laposte.net;KPEP00000239211808;marie-violaine.loury@laposte.net
010;0000068634;;1977556;LUCZAK;DANIELE;ASSPRI;1962-12-04;danilucz@gmail.com;KPEP00000145610507;danilucz@gmail.com
010;0000068581;;1977359;MALLADA;ANGEL;ASSPRI;1962-07-22;angelmallada939@gmail.com;KPEP00000432416311;angelmallada939@gmail.com
010;0000068669;;1977641;Malonga;Elvis;ASSPRI;2006-01-08;CANADAGOOSE22@OUTLOOK.FR;KPEP00001041669321;canadagoose22@outlook.fr
010;0000068554;;1977244;MARQUET;Antoine;ASSPRI;1978-09-15;ANTOINE_MARQUET@YAHOO.FR;KPEP00001035976040;antoine_marquet@yahoo.fr
010;0000068662;;1977622;MARTIN;PATRICK;ASSPRI;1962-08-21;nan;KPEP00000843594131;patrick66150@outlook.fr
010;0000068533;;1977172;MARTIN VERDIER;ELISABETH;ASSPRI;1961-12-03;emartinver@aol.com;KPEP00000571088822;emartinver@aol.com
044;0000068622;;1977528;MATTEI;JEAN BAPTISTE;MPRETR;1958-07-28;matteijb@icloud.com;KPEP00000031387105;nan
010;0000068598;;1977455;MICHAUD;NELLY;ASSPRI;1955-10-11;nelly.michaud@noos.fr;KPEP00000045599602;nelly.michaud@noos.fr
044;0000068649;;1977595;MIHOUBI;NAIMA;MPRETR;1958-05-23;naima.mihoubi23@gmail.com;KPEP00001041668816;naima.mihoubi23@gmail.com
010;0000068616;;1977517;MOTTAIS;LIONEL;ASSPRI;1964-09-07;lionel.mottais@gmail.com;KPEP00000116214707;lionel.mottais@gmail.com
010;0000068665;;1977635;MOUCHET;CHRISTINE;ASSPRI;1962-12-27;famille.mouchet@neuf.fr;KPEP00000155905010;famille.mouchet@neuf.fr
010;0000068666;;1977636;Mougeot;Dominique;ASSPRI;1962-11-11;MOUGEOTDOMINIQUE790@GMAIL.COM;KPEP00001039583032;mougeotdominique790@gmail.com
010;0000068648;;1977594;MOUTON;MARIE CHRI;ASSPRI;1965-11-20;marie.ch.mouton@gmail.com;KPEP00001041670230;marie.ch.mouton@gmail.com
044;0000068642;;1977581;NGONO ABBE;DARINCA;MPRETR;1957-09-05;d.ngonoabbe@gmail.com;KPEP00000253837824;nan
044;0000068629;;1977535;NICOLAS;MONIQUE;MPRETR;1959-05-31;nicolas.s.monique@gmail.com;KPEP00000031440535;nicolas.s.monique@gmail.com
010;0000068673;;1977657;NOAILLE;JEAN MARC;ASSPRI;1962-04-17;jean-marc.noaille@ac-nice.fr;KPEP00000488710729;jean-marc.noaille@ac-nice.fr
010;0000068630;;1977538;NONENT;MICHEL;ASSPRI;1959-12-12;mike29.nonent@orange.fr;KPEP00000228053317;mike29.nonent@orange.fr
010;0000068594;;1977427;Ouakkal;Ahmed;ASSPRI;1980-12-19;AHMEDOUAKKAL@GMAIL.COM;KPEP00001035143026;ahmedouakkal@gmail.com
010;0000068593;;1977406;PAPINOT;Christian;ASSPRI;1961-11-09;christian.papinot@univ-poitiers.fr;KPEP00000518381406;christian.papinot@univ-poitiers.fr
010;0000068620;;1977525;PAULIN AVENEL;CATHERINE;ASSPRI;1968-06-02;CATHERINE.PAULIN@YAHOO.FR;KPEP00001037156804;catherine.paulin@yahoo.fr
010;0000068565;;1977280;PEREZ;FREDERIC;ASSPRI;1961-07-19;fredtomalex.perez@free.fr;KPEP00000000985628;frederic.perez2025@sfr.fr
044;0000068618;;1977520;PETIT;GILLES;MPRETR;1960-09-26;magba01@gmail.com;KPEP00000290938402;magba01@protonmail.com
010;0000068589;;155534;PIROLO;REMI;ASSPRI;2006-03-25;franckissfr@yahoo.fr;KPEP00000026776313;nan
010;0000068674;;1977658;POSTAL-GIRARD;LOIC;ASSPRI;1990-06-18;lpostalgirard@gmail.com;KPEP00001034612816;loic.postal-girard@cnda.juradm.fr
010;0000068539;;1977199;PRINCE;STEVYLAN;ASSPRI;2007-02-22;PSTEVYLAN@GMAIL.COM;KPEP00000693769105;nan
010;0000068602;;1977481;PROZUMENTE;JELENA;ASSPRI;1984-06-17;elena.prozumente@gmail.com;KPEP00001035567024;elena.prozumente@gmail.com
010;0000068678;;702343;QUIDU;Corinne;ASSPRI;1971-05-26;corinnequidu@free.fr;KPEP00000024671709;corinnequidu@free.fr
010;0000068573;;1977344;REZETTE;Louison;ASSPRI;1997-08-22;louisonrezette@me.com;KPEP00001034612412;louison.rezette@conseil-etat.fr
010;0000068654;;1977611;RICHARD;CAROLE;ASSPRI;1962-11-19;carolerichard1962@gmail.com;KPEP00000125151238;carolerichard1962@gmail.com
010;0000068604;;1977485;RIVES;KIMBERLEY;ASSPRI;1999-07-05;kimberley.rives@gmail.com;KPEP00001035568135;kimberley.rives@musee-orsay.fr
010;0000068606;;1977486;RODHAIN;JOSEE;ASSPRI;1991-06-07;RODHAINJOSEE@GMAIL.COM;KPEP00001035910919;rodhainjosee@gmail.com
010;0000068584;;1977367;ROMAGNE;IRIS;ASSPRI;1996-09-10;irisromagne@gmail.com;KPEP00000974492905;irisromagne@gmail.com
010;0000068613;;1977500;ROQUES;MARTINE;ASSPRI;1962-09-10;martine.roquesdray@orange.fr;KPEP00000267753434;martine.roquesdray@orange.fr
044;0000068631;;1977551;ROUARD;XAVIER;MPRETR;1961-04-16;rouardx@gmail.com;KPEP00001041670028;rouardx@gmail.com
010;0000068628;;786700;SADIKHOSSEN;Lisa;ASSPRI;2000-11-14;sadikhossen.lisa@gmail.com;KPEP00000515256707;sadikhossen.lisa@gmail.com
044;0000068603;;1977488;SAILLIDE ULYSSE;ISABELLE;MPRETR;1961-08-01;isabelle.ulysse@hotmail.fr;KPEP00001041668210;isabelle.ulysse@hotmail.fr
044;0000068657;;1977613;SAINT CRIQ;MARC;MPRETR;1959-12-07;marc.saint-criq@live.fr;KPEP00001041670533;marc.saint-criq@live.fr
010;0000068537;;1977194;SALAME;MARIE;ASSPRI;1977-04-18;marielou.salame@gmail.com;KPEP00001006456622;marielou.salame@gmail.com
052;0000068599;;1977457;SANFOURCHE;ALEXIA;ASSPRI;1992-05-03;alexia.sanfourche@gmail.com;KPEP00001041666636;alexia.sanfourche@gmail.com
010;0000068590;;1977398;SERREAU;EDWIGE;ASSPRI;1962-11-30;edwige.serreau@gmail.com;KPEP00000128722509;edwige.serreau@gmail.com
044;0000068609;;1977492;SERVANTIE;PATRICE;MPRETR;1963-09-07;patrice_servantie@yahoo.fr;KPEP00000112349537;patrice_servantie@yahoo.fr
010;0000068580;;1977358;SIONNEAU;Catherine;ASSPRI;1963-02-21;catherinesionneau@outlook.fr;KPEP00000837722531;nan
010;0000068607;;1977490;ST MARTIN;GUYLENE;ASSPRI;1966-02-25;guylenesaintmartin@yahoo.fr;KPEP00000737632937;guylnesaintmartin@yahoo.fr
010;0000068557;;1977254;STEFANOU;EFTYCHIA;ASSPRI;1966-05-15;eftychia.stefanou@culture.gouv.fr;KPEP00001025696923;eftychia.stefanou@culture.gouv.fr
010;0000068684;;1977748;TEMUNI MANGABU NGOIE;TANIA;ASSPRI;1982-01-13;tania_temuni@hotmail.com;KPEP00001035562925;tania_temuni@hotmail.com
010;0000068559;;1977265;THOR;VERONIQUE;ASSPRI;1962-03-30;vero.thor@gmail.com;KPEP00000187605137;vero.thor@gmail.com
010;0000068535;;1977190;TIBERE;VERONIQUE;ASSPRI;1963-08-01;V.TIBERE@ORANGE.FR;KPEP00000168559105;v.tibere@orange.fr
010;0000068536;;1977192;TIBERE;LUCIEN;ASSPRI;1956-06-16;V.TIBERE@ORANGE.FR;KPEP00000108157735;nan
010;0000068553;;1917207;TSIOUAZOLOLO;HERVE;ASSPRI;1966-01-31;herve.tsiouazololo@bnf.fr;KPEP00000497002539;herve.tsiouazololo@bnf.fr
010;0000068680;;1977700;URDANABIA;JOSETTE;ASSPRI;1955-11-20;josette.urdanabia@gmail.com;KPEP00000428791913;josette.urdanabia@gmail.com
010;0000068683;;1977743;UYGUN;NISAN;ASSPRI;1996-04-16;nisanaylinuygun@gmail.com;KPEP00000952179012;nisanaylinuygun@gmail.com
010;0000068664;;1977634;VANDECANDELAERE;Marie Paul;ASSPRI;1962-05-10;mariepaule@vandecandelaere.eu;KPEP00000516461038;mariepaule@vandecandelaere.eu
010;0000068643;;1977584;VIGIER;SYLVIE;ASSPRI;1962-03-06;sylvievigier@free.fr;KPEP00000434613214;sylvievigier@free.fr
